1,voucher name 1
2,voucher name 2
3,voucher name 3
4,voucher name 4
5,voucher name 5
6,voucher name 6
7,voucher name 7
8,voucher name 8
9,voucher name 9
10,voucher name 10
11,voucher name 11
12,voucher name 12
13,voucher name 13
14,voucher name 14
15,voucher name 15
16,voucher name 16
17,voucher name 17
18,voucher name 18
19,voucher name 19
20,voucher name 20
21,voucher name 21
22,voucher name 22
23,voucher name 23
24,voucher name 24
25,voucher name 25
26,voucher name 26
27,voucher name 27
28,voucher name 28
29,voucher name 29
30,voucher name 30
31,voucher name 31
32,voucher name 32
33,voucher name 33
34,voucher name 34
35,voucher name 35
36,voucher name 36
37,voucher name 37
38,voucher name 38
39,voucher name 39
40,voucher name 40
41,voucher name 41
42,voucher name 42
43,voucher name 43
44,voucher name 44
45,voucher name 45
46,voucher name 46
47,voucher name 47
48,voucher name 48
49,voucher name 49
50,voucher name 50
51,voucher name 51
52,voucher name 52
53,voucher name 53
54,voucher name 54
55,voucher name 55
56,voucher name 56
57,voucher name 57
58,voucher name 58
59,voucher name 59
60,voucher name 60
61,voucher name 61
62,voucher name 62
63,voucher name 63
64,voucher name 64
65,voucher name 65
66,voucher name 66
67,voucher name 67
68,voucher name 68
69,voucher name 69
70,voucher name 70
71,voucher name 71
72,voucher name 72
73,voucher name 73
74,voucher name 74
75,voucher name 75
76,voucher name 76
77,voucher name 77
78,voucher name 78
79,voucher name 79
80,voucher name 80
81,voucher name 81
82,voucher name 82
83,voucher name 83
84,voucher name 84
85,voucher name 85
86,voucher name 86
87,voucher name 87
88,voucher name 88
89,voucher name 89
90,voucher name 90
91,voucher name 91
92,voucher name 92
93,voucher name 93
94,voucher name 94
95,voucher name 95
96,voucher name 96
97,voucher name 97
98,voucher name 98
99,voucher name 99
100,voucher name 100
101,voucher name 101
102,voucher name 102
103,voucher name 103
104,voucher name 104
105,voucher name 105
106,voucher name 106
107,voucher name 107
108,voucher name 108
109,voucher name 109
110,voucher name 110
111,voucher name 111
112,voucher name 112
113,voucher name 113
114,voucher name 114
115,voucher name 115
116,voucher name 116
117,voucher name 117
118,voucher name 118
119,voucher name 119
120,voucher name 120
121,voucher name 121
122,voucher name 122
123,voucher name 123
124,voucher name 124
125,voucher name 125
126,voucher name 126
127,voucher name 127
128,voucher name 128
129,voucher name 129
130,voucher name 130
131,voucher name 131
132,voucher name 132
133,voucher name 133
134,voucher name 134
135,voucher name 135
136,voucher name 136
137,voucher name 137
138,voucher name 138
139,voucher name 139
140,voucher name 140
141,voucher name 141
142,voucher name 142
143,voucher name 143
144,voucher name 144
145,voucher name 145
146,voucher name 146
147,voucher name 147
148,voucher name 148
149,voucher name 149
150,voucher name 150
151,voucher name 151
152,voucher name 152
153,voucher name 153
154,voucher name 154
155,voucher name 155
156,voucher name 156
157,voucher name 157
158,voucher name 158
159,voucher name 159
160,voucher name 160
161,voucher name 161
162,voucher name 162
163,voucher name 163
164,voucher name 164
165,voucher name 165
166,voucher name 166
167,voucher name 167
168,voucher name 168
169,voucher name 169
170,voucher name 170
171,voucher name 171
172,voucher name 172
173,voucher name 173
174,voucher name 174
175,voucher name 175
176,voucher name 176
177,voucher name 177
178,voucher name 178
179,voucher name 179
180,voucher name 180
181,voucher name 181
182,voucher name 182
183,voucher name 183
184,voucher name 184
185,voucher name 185
186,voucher name 186
187,voucher name 187
188,voucher name 188
189,voucher name 189
190,voucher name 190
191,voucher name 191
192,voucher name 192
193,voucher name 193
194,voucher name 194
195,voucher name 195
196,voucher name 196
197,voucher name 197
198,voucher name 198
199,voucher name 199
200,voucher name 200
201,voucher name 201
202,voucher name 202
203,voucher name 203
204,voucher name 204
205,voucher name 205
206,voucher name 206
207,voucher name 207
208,voucher name 208
209,voucher name 209
210,voucher name 210
211,voucher name 211
212,voucher name 212
213,voucher name 213
214,voucher name 214
215,voucher name 215
216,voucher name 216
217,voucher name 217
218,voucher name 218
219,voucher name 219
220,voucher name 220
221,voucher name 221
222,voucher name 222
223,voucher name 223
224,voucher name 224
225,voucher name 225
226,voucher name 226
227,voucher name 227
228,voucher name 228
229,voucher name 229
230,voucher name 230
231,voucher name 231
232,voucher name 232
233,voucher name 233
234,voucher name 234
235,voucher name 235
236,voucher name 236
237,voucher name 237
238,voucher name 238
239,voucher name 239
240,voucher name 240
241,voucher name 241
242,voucher name 242
243,voucher name 243
244,voucher name 244
245,voucher name 245
246,voucher name 246
247,voucher name 247
248,voucher name 248
249,voucher name 249
250,voucher name 250
251,voucher name 251
252,voucher name 252
253,voucher name 253
254,voucher name 254
255,voucher name 255
256,voucher name 256
257,voucher name 257
258,voucher name 258
259,voucher name 259
260,voucher name 260
261,voucher name 261
262,voucher name 262
263,voucher name 263
264,voucher name 264
265,voucher name 265
266,voucher name 266
267,voucher name 267
268,voucher name 268
269,voucher name 269
270,voucher name 270
271,voucher name 271
272,voucher name 272
273,voucher name 273
274,voucher name 274
275,voucher name 275
276,voucher name 276
277,voucher name 277
278,voucher name 278
279,voucher name 279
280,voucher name 280
281,voucher name 281
282,voucher name 282
283,voucher name 283
284,voucher name 284
285,voucher name 285
286,voucher name 286
287,voucher name 287
288,voucher name 288
289,voucher name 289
290,voucher name 290
291,voucher name 291
292,voucher name 292
293,voucher name 293
294,voucher name 294
295,voucher name 295
296,voucher name 296
297,voucher name 297
298,voucher name 298
299,voucher name 299
300,voucher name 300
301,voucher name 301
302,voucher name 302
303,voucher name 303
304,voucher name 304
305,voucher name 305
306,voucher name 306
307,voucher name 307
308,voucher name 308
309,voucher name 309
310,voucher name 310
311,voucher name 311
312,voucher name 312
313,voucher name 313
314,voucher name 314
315,voucher name 315
316,voucher name 316
317,voucher name 317
318,voucher name 318
319,voucher name 319
320,voucher name 320
321,voucher name 321
322,voucher name 322
323,voucher name 323
324,voucher name 324
325,voucher name 325
326,voucher name 326
327,voucher name 327
328,voucher name 328
329,voucher name 329
330,voucher name 330
331,voucher name 331
332,voucher name 332
333,voucher name 333
334,voucher name 334
335,voucher name 335
336,voucher name 336
337,voucher name 337
338,voucher name 338
339,voucher name 339
340,voucher name 340
341,voucher name 341
342,voucher name 342
343,voucher name 343
344,voucher name 344
345,voucher name 345
346,voucher name 346
347,voucher name 347
348,voucher name 348
349,voucher name 349
350,voucher name 350
351,voucher name 351
352,voucher name 352
353,voucher name 353
354,voucher name 354
355,voucher name 355
356,voucher name 356
357,voucher name 357
358,voucher name 358
359,voucher name 359
360,voucher name 360
361,voucher name 361
362,voucher name 362
363,voucher name 363
364,voucher name 364
365,voucher name 365
366,voucher name 366
367,voucher name 367
368,voucher name 368
369,voucher name 369
370,voucher name 370
371,voucher name 371
372,voucher name 372
373,voucher name 373
374,voucher name 374
375,voucher name 375
376,voucher name 376
377,voucher name 377
378,voucher name 378
379,voucher name 379
380,voucher name 380
381,voucher name 381
382,voucher name 382
383,voucher name 383
384,voucher name 384
385,voucher name 385
386,voucher name 386
387,voucher name 387
388,voucher name 388
389,voucher name 389
390,voucher name 390
391,voucher name 391
392,voucher name 392
393,voucher name 393
394,voucher name 394
395,voucher name 395
396,voucher name 396
397,voucher name 397
398,voucher name 398
399,voucher name 399
400,voucher name 400
401,voucher name 401
402,voucher name 402
403,voucher name 403
404,voucher name 404
405,voucher name 405
406,voucher name 406
407,voucher name 407
408,voucher name 408
409,voucher name 409
410,voucher name 410
411,voucher name 411
412,voucher name 412
413,voucher name 413
414,voucher name 414
415,voucher name 415
416,voucher name 416
417,voucher name 417
418,voucher name 418
419,voucher name 419
420,voucher name 420
421,voucher name 421
422,voucher name 422
423,voucher name 423
424,voucher name 424
425,voucher name 425
426,voucher name 426
427,voucher name 427
428,voucher name 428
429,voucher name 429
430,voucher name 430
431,voucher name 431
432,voucher name 432
433,voucher name 433
434,voucher name 434
435,voucher name 435
436,voucher name 436
437,voucher name 437
438,voucher name 438
439,voucher name 439
440,voucher name 440
441,voucher name 441
442,voucher name 442
443,voucher name 443
444,voucher name 444
445,voucher name 445
446,voucher name 446
447,voucher name 447
448,voucher name 448
449,voucher name 449
450,voucher name 450
451,voucher name 451
452,voucher name 452
453,voucher name 453
454,voucher name 454
455,voucher name 455
456,voucher name 456
457,voucher name 457
458,voucher name 458
459,voucher name 459
460,voucher name 460
461,voucher name 461
462,voucher name 462
463,voucher name 463
464,voucher name 464
465,voucher name 465
466,voucher name 466
467,voucher name 467
468,voucher name 468
469,voucher name 469
470,voucher name 470
471,voucher name 471
472,voucher name 472
473,voucher name 473
474,voucher name 474
475,voucher name 475
476,voucher name 476
477,voucher name 477
478,voucher name 478
479,voucher name 479
480,voucher name 480
481,voucher name 481
482,voucher name 482
483,voucher name 483
484,voucher name 484
485,voucher name 485
486,voucher name 486
487,voucher name 487
488,voucher name 488
489,voucher name 489
490,voucher name 490
491,voucher name 491
492,voucher name 492
493,voucher name 493
494,voucher name 494
495,voucher name 495
496,voucher name 496
497,voucher name 497
498,voucher name 498
499,voucher name 499
500,voucher name 500
501,voucher name 501
502,voucher name 502
503,voucher name 503
504,voucher name 504
505,voucher name 505
506,voucher name 506
507,voucher name 507
508,voucher name 508
509,voucher name 509
510,voucher name 510
511,voucher name 511
512,voucher name 512
513,voucher name 513
514,voucher name 514
515,voucher name 515
516,voucher name 516
517,voucher name 517
518,voucher name 518
519,voucher name 519
520,voucher name 520
521,voucher name 521
522,voucher name 522
523,voucher name 523
524,voucher name 524
525,voucher name 525
526,voucher name 526
527,voucher name 527
528,voucher name 528
529,voucher name 529
530,voucher name 530
531,voucher name 531
532,voucher name 532
533,voucher name 533
534,voucher name 534
535,voucher name 535
536,voucher name 536
537,voucher name 537
538,voucher name 538
539,voucher name 539
540,voucher name 540
541,voucher name 541
542,voucher name 542
543,voucher name 543
544,voucher name 544
545,voucher name 545
546,voucher name 546
547,voucher name 547
548,voucher name 548
549,voucher name 549
550,voucher name 550
551,voucher name 551
552,voucher name 552
553,voucher name 553
554,voucher name 554
555,voucher name 555
556,voucher name 556
557,voucher name 557
558,voucher name 558
559,voucher name 559
560,voucher name 560
561,voucher name 561
562,voucher name 562
563,voucher name 563
564,voucher name 564
565,voucher name 565
566,voucher name 566
567,voucher name 567
568,voucher name 568
569,voucher name 569
570,voucher name 570
571,voucher name 571
572,voucher name 572
573,voucher name 573
574,voucher name 574
575,voucher name 575
576,voucher name 576
577,voucher name 577
578,voucher name 578
579,voucher name 579
580,voucher name 580
581,voucher name 581
582,voucher name 582
583,voucher name 583
584,voucher name 584
585,voucher name 585
586,voucher name 586
587,voucher name 587
588,voucher name 588
589,voucher name 589
590,voucher name 590
591,voucher name 591
592,voucher name 592
593,voucher name 593
594,voucher name 594
595,voucher name 595
596,voucher name 596
597,voucher name 597
598,voucher name 598
599,voucher name 599
600,voucher name 600
601,voucher name 601
602,voucher name 602
603,voucher name 603
604,voucher name 604
605,voucher name 605
606,voucher name 606
607,voucher name 607
608,voucher name 608
609,voucher name 609
610,voucher name 610
611,voucher name 611
612,voucher name 612
613,voucher name 613
614,voucher name 614
615,voucher name 615
616,voucher name 616
617,voucher name 617
618,voucher name 618
619,voucher name 619
620,voucher name 620
621,voucher name 621
622,voucher name 622
623,voucher name 623
624,voucher name 624
625,voucher name 625
626,voucher name 626
627,voucher name 627
628,voucher name 628
629,voucher name 629
630,voucher name 630
631,voucher name 631
632,voucher name 632
633,voucher name 633
634,voucher name 634
635,voucher name 635
636,voucher name 636
637,voucher name 637
638,voucher name 638
639,voucher name 639
640,voucher name 640
641,voucher name 641
642,voucher name 642
643,voucher name 643
644,voucher name 644
645,voucher name 645
646,voucher name 646
647,voucher name 647
648,voucher name 648
649,voucher name 649
650,voucher name 650
651,voucher name 651
652,voucher name 652
653,voucher name 653
654,voucher name 654
655,voucher name 655
656,voucher name 656
657,voucher name 657
658,voucher name 658
659,voucher name 659
660,voucher name 660
661,voucher name 661
662,voucher name 662
663,voucher name 663
664,voucher name 664
665,voucher name 665
666,voucher name 666
667,voucher name 667
668,voucher name 668
669,voucher name 669
670,voucher name 670
671,voucher name 671
672,voucher name 672
673,voucher name 673
674,voucher name 674
675,voucher name 675
676,voucher name 676
677,voucher name 677
678,voucher name 678
679,voucher name 679
680,voucher name 680
681,voucher name 681
682,voucher name 682
683,voucher name 683
684,voucher name 684
685,voucher name 685
686,voucher name 686
687,voucher name 687
688,voucher name 688
689,voucher name 689
690,voucher name 690
691,voucher name 691
692,voucher name 692
693,voucher name 693
694,voucher name 694
695,voucher name 695
696,voucher name 696
697,voucher name 697
698,voucher name 698
699,voucher name 699
700,voucher name 700
701,voucher name 701
702,voucher name 702
703,voucher name 703
704,voucher name 704
705,voucher name 705
706,voucher name 706
707,voucher name 707
708,voucher name 708
709,voucher name 709
710,voucher name 710
711,voucher name 711
712,voucher name 712
713,voucher name 713
714,voucher name 714
715,voucher name 715
716,voucher name 716
717,voucher name 717
718,voucher name 718
719,voucher name 719
720,voucher name 720
721,voucher name 721
722,voucher name 722
723,voucher name 723
724,voucher name 724
725,voucher name 725
726,voucher name 726
727,voucher name 727
728,voucher name 728
729,voucher name 729
730,voucher name 730
731,voucher name 731
732,voucher name 732
733,voucher name 733
734,voucher name 734
735,voucher name 735
736,voucher name 736
737,voucher name 737
738,voucher name 738
739,voucher name 739
740,voucher name 740
741,voucher name 741
742,voucher name 742
743,voucher name 743
744,voucher name 744
745,voucher name 745
746,voucher name 746
747,voucher name 747
748,voucher name 748
749,voucher name 749
750,voucher name 750
751,voucher name 751
752,voucher name 752
753,voucher name 753
754,voucher name 754
755,voucher name 755
756,voucher name 756
757,voucher name 757
758,voucher name 758
759,voucher name 759
760,voucher name 760
761,voucher name 761
762,voucher name 762
763,voucher name 763
764,voucher name 764
765,voucher name 765
766,voucher name 766
767,voucher name 767
768,voucher name 768
769,voucher name 769
770,voucher name 770
771,voucher name 771
772,voucher name 772
773,voucher name 773
774,voucher name 774
775,voucher name 775
776,voucher name 776
777,voucher name 777
778,voucher name 778
779,voucher name 779
780,voucher name 780
781,voucher name 781
782,voucher name 782
783,voucher name 783
784,voucher name 784
785,voucher name 785
786,voucher name 786
787,voucher name 787
788,voucher name 788
789,voucher name 789
790,voucher name 790
791,voucher name 791
792,voucher name 792
793,voucher name 793
794,voucher name 794
795,voucher name 795
796,voucher name 796
797,voucher name 797
798,voucher name 798
799,voucher name 799
800,voucher name 800
801,voucher name 801
802,voucher name 802
803,voucher name 803
804,voucher name 804
805,voucher name 805
806,voucher name 806
807,voucher name 807
808,voucher name 808
809,voucher name 809
810,voucher name 810
811,voucher name 811
812,voucher name 812
813,voucher name 813
814,voucher name 814
815,voucher name 815
816,voucher name 816
817,voucher name 817
818,voucher name 818
819,voucher name 819
820,voucher name 820
821,voucher name 821
822,voucher name 822
823,voucher name 823
824,voucher name 824
825,voucher name 825
826,voucher name 826
827,voucher name 827
828,voucher name 828
829,voucher name 829
830,voucher name 830
831,voucher name 831
832,voucher name 832
833,voucher name 833
834,voucher name 834
835,voucher name 835
836,voucher name 836
837,voucher name 837
838,voucher name 838
839,voucher name 839
840,voucher name 840
841,voucher name 841
842,voucher name 842
843,voucher name 843
844,voucher name 844
845,voucher name 845
846,voucher name 846
847,voucher name 847
848,voucher name 848
849,voucher name 849
850,voucher name 850
851,voucher name 851
852,voucher name 852
853,voucher name 853
854,voucher name 854
855,voucher name 855
856,voucher name 856
857,voucher name 857
858,voucher name 858
859,voucher name 859
860,voucher name 860
861,voucher name 861
862,voucher name 862
863,voucher name 863
864,voucher name 864
865,voucher name 865
866,voucher name 866
867,voucher name 867
868,voucher name 868
869,voucher name 869
870,voucher name 870
871,voucher name 871
872,voucher name 872
873,voucher name 873
874,voucher name 874
875,voucher name 875
876,voucher name 876
877,voucher name 877
878,voucher name 878
879,voucher name 879
880,voucher name 880
881,voucher name 881
882,voucher name 882
883,voucher name 883
884,voucher name 884
885,voucher name 885
886,voucher name 886
887,voucher name 887
888,voucher name 888
889,voucher name 889
890,voucher name 890
891,voucher name 891
892,voucher name 892
893,voucher name 893
894,voucher name 894
895,voucher name 895
896,voucher name 896
897,voucher name 897
898,voucher name 898
899,voucher name 899
900,voucher name 900
901,voucher name 901
902,voucher name 902
903,voucher name 903
904,voucher name 904
905,voucher name 905
906,voucher name 906
907,voucher name 907
908,voucher name 908
909,voucher name 909
910,voucher name 910
911,voucher name 911
912,voucher name 912
913,voucher name 913
914,voucher name 914
915,voucher name 915
916,voucher name 916
917,voucher name 917
918,voucher name 918
919,voucher name 919
920,voucher name 920
921,voucher name 921
922,voucher name 922
923,voucher name 923
924,voucher name 924
925,voucher name 925
926,voucher name 926
927,voucher name 927
928,voucher name 928
929,voucher name 929
930,voucher name 930
931,voucher name 931
932,voucher name 932
933,voucher name 933
934,voucher name 934
935,voucher name 935
936,voucher name 936
937,voucher name 937
938,voucher name 938
939,voucher name 939
940,voucher name 940
941,voucher name 941
942,voucher name 942
943,voucher name 943
944,voucher name 944
945,voucher name 945
946,voucher name 946
947,voucher name 947
948,voucher name 948
949,voucher name 949
950,voucher name 950
951,voucher name 951
952,voucher name 952
953,voucher name 953
954,voucher name 954
955,voucher name 955
956,voucher name 956
957,voucher name 957
958,voucher name 958
959,voucher name 959
960,voucher name 960
961,voucher name 961
962,voucher name 962
963,voucher name 963
964,voucher name 964
965,voucher name 965
966,voucher name 966
967,voucher name 967
968,voucher name 968
969,voucher name 969
970,voucher name 970
971,voucher name 971
972,voucher name 972
973,voucher name 973
974,voucher name 974
975,voucher name 975
976,voucher name 976
977,voucher name 977
978,voucher name 978
979,voucher name 979
980,voucher name 980
981,voucher name 981
982,voucher name 982
983,voucher name 983
984,voucher name 984
985,voucher name 985
986,voucher name 986
987,voucher name 987
988,voucher name 988
989,voucher name 989
990,voucher name 990
991,voucher name 991
992,voucher name 992
993,voucher name 993
994,voucher name 994
995,voucher name 995
996,voucher name 996
997,voucher name 997
998,voucher name 998
999,voucher name 999
1000,voucher name 1000
